Ticker,Name
OVV,Ovintiv Inc
MIME,Mimecast Ltd
FHI,Federated Hermes Inc
GT,Goodyear Tire & Rubber Co.
CIT,CIT Group Inc
AA,Alcoa Corp
CIM,Chimera Investment Corp
KAR,KAR Auction Services Inc
BKU,BankUnited Inc
CHX,ChampionX Corporation
APG,APi Group Corporation
WCC,"Wesco International, Inc."
CVET,Covetrus Inc
VIR,Vir Biotechnology Inc
CMD,Cantel Medical Corp
HGV,Hilton Grand Vacations Inc
X,United States Steel Corp.
ONTO,Onto Innovation Inc.
RPAI,Retail Properties of America Inc
CXP,Columbia Property Trust Inc
TCBI,"Texas Capital Bancshares, Inc."
BIPC,Brookfield Infrastructure Corp
TWO,Two Harbors Investment Corp
CRNC,Cerence Inc
NAVI,Navient Corp
REZI,Resideo Technologies Inc
ARNC,Arconic Corporation
MD,MEDNAX Inc
OI,O-I Glass Inc
SMCI,Super Micro Computer Inc
MAC,Macerich Co.
CNK,Cinemark Holdings Inc
SITC,SITE Centers Corp
BRMK,Broadmark Realty Capital Inc
SDGR,Schrodinger Inc
RRC,Range Resources Corp
UFS,Domtar Corporation
VVNT,Vivint Smart Home Inc
CLNY,Colony Capital Inc.
MFA,MFA Financial Inc
SWBI,Smith & Wesson Brands Inc
PRDO,Perdoceo Education Corporation
RIG,Transocean Ltd
URBN,"Urban Outfitters, Inc."
PIPR,Piper Sandler Co`s
DHC,Diversified Healthcare Trust
EPAC,Enerpac Tool Group Corp
ABR,Arbor Realty Trust Inc.
PBF,PBF Energy Inc
SBGI,"Sinclair Broadcast Group, Inc."
RPAY,Repay Holdings Corporation
WKHS,Workhorse Group Inc
AMCX,AMC Networks Inc
IGT,International Game Technology PLC
SWTX,SpringWorks Therapeutics Inc
VIE,Viela Bio Inc
FRO,Frontline Ltd
BRBR,Bellring Brands Inc
ONEM,1life Healthcare Inc
SPNS,Sapiens International Corp NV
KOS,Kosmos Energy Ltd
PFC,Premier Financial Corp
PGNY,Progyny Inc
ARCT,Arcturus Therapeutics Holdings Inc
AR,Antero Resources Corp
M,Macy`s Inc
PRVB,Provention Bio Inc
RLMD,Relmada Therapeutics Inc
FREQ,Frequency Therapeutics Inc
SHYF,Shyft Group Inc (The)
PAE,PAE Incorporated
PING,Ping Identity Holding Corp
IHRT,iHeartMedia Inc
DRRX,Durect Corp
FCEL,Fuelcell Energy Inc
BDTX,Black Diamond Therapeutics Inc
IMVT,Immunovant Inc
IGMS,IGM Biosciences Inc
ZNTL,Zentalis Pharmaceuticals Inc
APLT,Applied Therapeutics Inc
OPCH,Option Care Health Inc.
CODX,Co-Diagnostics Inc
RVMD,Revolution Medicines Inc
NLTX,Neoleukin Therapeutics Inc
QTNT,Quotient Ltd
FRG,Franchise Group Inc
SVC,Service Properties Trust
VERI,Veritone Inc
FLR,Fluor Corporation
ACEL,Accel Entertainment Inc
PASG,Passage Bio Inc
NEX,NexTier Oilfield Solutions Inc
PHAT,Phathom Pharmaceuticals Inc
RGP,Resources Connection Inc
PGEN,Precigen Inc
BRP,BRP Group Inc
BEAM,Beam Therapeutics Inc
VMD,Viemed Healthcare Inc
ARQT,Arcutis Biotherapeutics Inc
VXRT,Vaxart Inc
OVID,Ovid Therapeutics Inc
BGCP,BGC Partners Inc
NK,NantKwest Inc
ORIC,ORIC Pharmaceuticals Inc
GSKY,GreenSky Inc
BCLI,"Brainstorm Cell Therapeutics, Inc."
RAPT,RAPT Therapeutics Inc
TRUE,Truecar Inc
XPEL,XPEL Inc
VSTM,Verastem Inc
ALRS,Alerus Financial Corp
PTEN,Patterson-UTI Energy Inc
APRE,Aprea Therapeutics Inc
OPRT,Oportun Financial Corp
NLS,Nautilus Inc
KROS,Keros Therapeutics Inc
STSA,Satsuma Pharmaceuticals Inc
MCBS,MetroCity Bankshares Inc
ISEE,IVERIC bio Inc
MCF,Contango Oil & Gas Company
SITM,SiTime Corp
CYBE,Cyberoptics Corp.
APT,Alpha Pro Tech Ltd.
KRMD,"Repro-Med Systems, Inc."
SI,Silvergate Capital Corp
SPT,Sprout Social Inc
MGI,Moneygram International Inc.
GAN,GAN Limited
HEAR,Turtle Beach Corp
AWH,Aspira Women`s Health Inc
STXS,Stereotaxis Inc
PRTS,CarParts.com Inc
COFS,"Choiceone Financial Services, Inc."
PACK,Ranpak Holdings Corp
SELB,Selecta Biosciences Inc
ICAD,Icad Inc
AGRX,Agile Therapeutics Inc
UTI,Universal Technical Institute Inc
FENC,Fennec Pharmaceuticals Inc
GRWG,GrowGeneration Corp
PLYM,Plymouth Industrial Reit Inc
DYAI,"Dyadic International Inc., DE"
LAKE,"Lakeland Industries, Inc."
INFU,InfuSystem Holdings Inc
IDYA,Ideaya Biosciences Inc
LUNA,Luna Innovations Inc
LYTS,LSI Industries Inc.
OYST,Oyster Point Pharma Inc
VERU,Veru Inc
HCHC,HC2 Holdings Inc
FLGT,Fulgent Genetics Inc
CMCL,Caledonia Mining Corporation Plc
GNSS,Genasys Inc
NBSE,NeuBase Therapeutics Inc
ASPU,Aspen Group Inc
FBIO,Fortress Biotech Inc
GDYN,Grid Dynamics Holdings Inc
IMRA,Imara Inc
ARAV,Aravive Inc
SMSI,"Smith Micro Software, Inc."
XCUR,Exicure Inc
CABA,Cabaletta Bio Inc
AGTC,Applied Genetic Technologies Corp
SREV,ServiceSource International Inc
ALTG,Alta Equipment Group Inc
HBT,HBT Financial Inc
NYMX,Nymox Pharmaceutical Corp
ONEW,Onewater Marine Inc
ATOM,Atomera Inc
ASPN,Aspen Aerogels Inc.
CATB,Catabasis Pharmaceuticals Inc
XOMA,XOMA Corp
AUBN,Auburn National Bancorp Inc.
AHCO,AdaptHealth Corp
IDN,Intellicheck Inc
CDTX,Cidara Therapeutics Inc
RESN,Resonant Inc
PCTI,PCTEL Inc
FONR,Fonar Corp.
PXLW,Pixelworks Inc
QMCO,Quantum Corp
PWFL,PowerFleet Inc
HROW,Harrow Health Inc
HBIO,Harvard Bioscience Inc.
MBCN,Middlefield Banc Corp.
NH,NantHealth Inc
VOXX,VOXX International Corp
IBIO,iBio Inc
PINE,Alpine Income Property Trust Inc
DMTK,DermTech Inc
IVAC,"Intevac, Inc."
SBFG,SB Financial Group Inc
ALSK,Alaska Communications Systems Group Inc
CIZN,Citizens Holding Co
RDVT,Red Violet Inc
ELMD,Electromed Inc.
PLBC,Plumas Bancorp.
CBIO,Catalyst Biosciences Inc
VNRX,VolitionRX Ltd
ORGS,Orgenesis Inc
SAL,"Salisbury Bancorp, Inc."
PFSW,PFSWEB Inc
REFR,Research Frontiers Inc.
CALB,California Bancorp
RVP,Retractable Technologies Inc
AQST,Aquestive Therapeutics Inc
XONE,ExOne Co
GNPX,Genprex Inc
CFRX,ContraFect Corp
SMED,Sharps Compliance Corp.
MHH,Mastech Digital Inc
VTOL,Bristow Group Inc.
APTX,Aptinyx Inc
EARN,Ellington Residential Mortgage REIT
ICBK,County Bancorp Inc
XAIR,Beyond Air Inc
FCCO,First Community Corp.
CSPR,Casper Sleep Inc
CBFV,CB Financial Services Inc
FUNC,First United Corporation
AMRK,A-Mark Precious Metals Inc
CNTG,Centogene NV
ETON,Eton Pharmaceuticals Inc
AGFS,AgroFresh Solutions Inc
OESX,Orion Energy Systems Inc
SAVA,Cassava Sciences Inc
FSFG,First Savings Financial Group Inc
KERN,Akerna Corp
EBMT,Eagle Bancorp Montana Inc
STND,Standard AVB Financial Corp
PAVM,PAVmed Inc
MYFW,First Western Financial Inc
MLSS,Milestone Scientific Inc.
MRBK,Meridian Corp
TELA,TELA Bio Inc
LARK,Landmark Bancorp Inc
FVE,Five Star Senior Living Inc.
SLNO,Soleno Therapeutics Inc
PFHD,Professional Holding Corp
ATXI,Avenue Therapeutics Inc
AVEO,AVEO Pharmaceuticals Inc
NMRD,Nemaura Medical Inc
GRTX,Galera Therapeutics Inc
VERO,Venus Concept Inc
LMST,Limestone Bancorp Inc
ASUR,Asure Software Inc
ETNB,89bio Inc
CSBR,Champions Oncology Inc
CEMI,Chembio Diagnostics Inc.
XGN,Exagen Inc
BSBK,Bogota Financial Corp
NSCO,Custom Truck One Source Inc
AE,Adams Resources & Energy Inc.
TARA,Protara Therapeutics Inc
IMUX,Immunic Inc
BLPH,Bellerophon Therapeutics Inc
LYRA,Lyra Therapeutics Inc
ELA,Envela Corp
SNFCA,Security National Financial Corp.
ULBI,Ultralife Corp
ATLC,Atlanticus Holdings Corp
SCPH,scPharmaceuticals Inc
PCYG,"Park City Group, Inc."
AYTU,Aytu BioPharma Inc
SEAC,Seachange International Inc.
KODK,Eastman Kodak Co.
SWKH,Swk Holdings Corp
CWBR,CohBar Inc
NRBO,NeuroBo Pharmaceuticals Inc
OFED,Oconee Federal Financial Corp
VTVT,vTv Therapeutics Inc
CHK,Chesapeake Energy Corp.
AAN,Aarons Company Inc (The)
AAOI,Applied Optoelectronics Inc
AAON,AAON Inc.
AAT,American Assets Trust Inc
AAWW,Atlas Air Worldwide Holdings Inc.
ABCB,Ameris Bancorp
ABEO,Abeona Therapeutics Inc
ABG,Asbury Automotive Group Inc
ABM,ABM Industries Inc.
ABTX,Allegiance Bancshares Inc
AC,Associated Capital Group Inc
ACA,Arcosa Inc
ACBI,Atlantic Capital Bancshares Inc
ACCO,Acco Brands Corporation
ACIA,Acacia Communications Inc
ACIW,ACI Worldwide Inc
ACLS,Axcelis Technologies Inc
ACNB,ACNB Corp.
ACRE,Ares Commercial Real Estate Corp
ACRX,Acelrx Pharmaceuticals Inc
ACTG,Acacia Research Corp
ADC,Agree Realty Corp.
ADES,Advanced Emissions Solutions Inc
ADMA,Adma Biologics Inc
ADNT,Adient plc
ADTN,Adtran Inc.
ADUS,Addus HomeCare Corporation
ADVM,Adverum Biotechnologies Inc
AEGN,Aegion Corp
AEIS,Advanced Energy Industries Inc.
AEL,American Equity Investment Life Holding Co
AEO,American Eagle Outfitters Inc.
AERI,Aerie Pharmaceuticals Inc
AFIN,American Fin Tr Inc
AFMD,Affimed N.V.
AGEN,Agenus Inc
AGLE,Aeglea BioTherapeutics Inc
AGM,Federal Agricultural Mortgage Corp.
AGS,PlayAGS Inc
AGX,"Argan, Inc."
AGYS,"Agilysys, Inc"
AHH,Armada Hoffler Properties Inc
AI,C3.ai Inc
AIMC,Altra Industrial Motion Corp
AIMT,Aimmune Therapeutics Inc
AIN,Albany International Corp.
AIR,AAR Corp.
AIT,Applied Industrial Technologies Inc.
AJRD,Aerojet Rocketdyne Holdings Inc
AJX,Great Ajax Corp
AKBA,Akebia Therapeutics Inc.
AKCA,Akcea Therapeutics Inc
AKR,Acadia Realty Trust
AKRO,Akero Therapeutics Inc
AKTS,Akoustis Technologies Inc
ALBO,Albireo Pharma Inc
ALCO,Alico Inc.
ALE,"Allete, Inc."
ALEC,Alector Inc
ALEX,Alexander & Baldwin Inc.
ALG,Alamo Group Inc.
ALGT,Allegiant Travel
ALLK,Allakos Inc
ALLO,Allogene Therapeutics Inc
ALRM,Alarm.com Holdings Inc
ALTR,Altair Engineering Inc
ALX,Alexander`s Inc.
AMAL,Amalgamated Financial Corp
AMBA,Ambarella Inc
AMBC,AMBAC Financial Group Inc.
AMC,AMC Entertainment Holdings Inc
AMEH,Apollo Medical Holdings Inc
AMK,Assetmark Financial Holdings Inc
AMKR,AMKOR Technology Inc.
AMN,AMN Healthcare Services Inc.
AMNB,American National Bankshares Inc.
AMOT,Allied Motion Technologies Inc
AMPH,Amphastar Pharmaceuticals Inc
AMRC,Ameresco Inc.
AMRS,Amyris Inc
AMRX,Amneal Pharmaceuticals Inc
AMSC,American Superconductor Corp.
AMSF,Amerisafe Inc
AMSWA,American Software Inc.
AMTB,Amerant Bancorp Inc
AMWD,American Woodmark Corp.
ANAB,AnaptysBio Inc
ANDE,Andersons Inc.
ANF,Abercrombie & Fitch Co.
ANGO,Angiodynamic Inc
ANH,Anworth Mortgage Asset Corp.
ANIK,Anika Therapeutics Inc.
ANIP,ANI Pharmaceuticals Inc
AOSL,Alpha & Omega Semiconductor Ltd
APAM,Artisan Partners Asset Management Inc
APEI,American Public Education Inc
APLS,Apellis Pharmaceuticals Inc
APOG,Apogee Enterprises Inc.
APPF,Appfolio Inc
APPN,Appian Corp
APPS,Digital Turbine Inc
APTS,Preferred Apartment Communities Inc
APYX,Apyx Medical Corp
AQUA,Evoqua Water Technologies Corp
ARA,American Renal Associates Holdings Inc.
ARAY,Accuray Inc
ARCB,ArcBest Corp
ARCH,Arch Resources Inc
ARDX,Ardelyx Inc
ARGO,Argo Group International Holdings Ltd
ARI,Apollo Commercial Real Estate Finance Inc
ARL,American Realty Investors Inc.
ARLO,Arlo Technologies Inc
ARNA,Arena Pharmaceuticals Inc
AROC,Archrock Inc
AROW,Arrow Financial Corp.
ARR,ARMOUR Residential REIT Inc
ARTNA,Artesian Resources Corp.
ARVN,Arvinas Inc
ARWR,Arrowhead Pharmaceuticals Inc.
ASC,Ardmore Shipping Corp
ASGN,ASGN Inc
ASIX,AdvanSix Inc
ASMB,Assembly Biosciences Inc
ASPS,Altisource Portfolio Solutions S.A.
ASTE,Astec Industries Inc.
AT,Atlantic Power Corp.
ATEC,Alphatec Holdings Inc
ATEN,A10 Networks Inc
ATEX,Anterix Inc
ATGE,Adtalem Global Education Inc
ATHX,Athersys Inc
ATI,Allegheny Technologies Inc
ATKR,Atkore Inc
ATLO,Ames National Corp.
ATNI,ATN International Inc
ATNX,Athenex Inc
ATRA,Atara Biotherapeutics Inc
ATRC,Atricure Inc
ATRI,Atrion Corp.
ATRO,Astronics Corp.
ATRS,Antares Pharma Inc
ATSG,Air Transport Services Group Inc
AUB,Atlantic Union Bankshares Corp
AVA,Avista Corp.
AVAV,AeroVironment Inc.
AVCO,Avalon GloboCare Corp
AVD,American Vanguard Corp.
AVID,"Avid Technology, Inc."
AVNS,Avanos Medical Inc
AVRO,AvroBio Inc
AVXL,Anavex Life Sciences Corporation
AVYA,Avaya Holdings Corp.
AWR,American States Water Co.
AX,Axos Financial Inc.
AXDX,Accelerate Diagnostics Inc
AXGN,Axogen Inc.
AXL,American Axle & Manufacturing Holdings Inc
AXLA,Axcella Health Inc
AXNX,Axonics Inc
AXSM,Axsome Therapeutics Inc
AXTI,AXT Inc
AZZ,AZZ Inc
B,Barnes Group Inc.
BANC,Banc of California Inc
BAND,Bandwidth Inc
BANF,Bancfirst Corp.
BANR,Banner Corp.
BATRA,Liberty Media Corp.
BATRK,Liberty Media Corp.
BBBY,"Bed, Bath & Beyond Inc."
BBCP,Concrete Pumping Holdings Inc
BBIO,BridgeBio Pharma Inc
BBSI,Barrett Business Services Inc.
BCBP,BCB Bancorp Inc (NJ)
BCC,Boise Cascade Co
BCEI,Bonanza Creek Energy Inc
BCEL,Atreca Inc
BCML,BayCom Corp
BCO,Brink`s Co.
BCOR,Blucora Inc
BCOV,Brightcove Inc
BCPC,Balchem Corp.
BCRX,Biocryst Pharmaceuticals Inc.
BDC,Belden Inc
BDGE,"Bridge Bancorp, Inc."
BDSI,Biodelivery Sciences International
BE,Bloom Energy Corp
BEAT,BioTelemetry Inc
BECN,Beacon Roofing Supply Inc
BELFB,Bel Fuse Inc.
BFC,Bank First Corp
BFIN,Bankfinancial Corp
BFS,"Saul Centers, Inc."
BFST,Business First Bancshares Inc.
BGS,"B&G Foods, Inc"
BGSF,BGSF Inc
BH,Biglari Holdings Inc.
BHB,Bar Harbor Bankshares Inc
BHE,Benchmark Electronics Inc.
BHLB,Berkshire Hills Bancorp Inc.
BHVN,Biohaven Pharmaceutical Holding Company Ltd
BIG,Big Lots Inc
BJ,BJ`s Wholesale Club Holdings Inc
BJRI,BJ`s Restaurant Inc.
BKD,Brookdale Senior Living Inc
BKE,"Buckle, Inc."
BKH,Black Hills Corporation
BL,BlackLine Inc
BLBD,Blue Bird Corp
BLD,TopBuild Corp
BLDR,Builders Firstsource Inc
BLFS,Biolife Solutions Inc
BLKB,Blackbaud Inc
BLMN,Bloomin Brands Inc
BLX,Banco Latinoamericano De Comercio Exterior SA
BMCH,BMC Stock Holdings Inc
BMI,Badger Meter Inc.
BMRC,Bank of Marin Bancorp
BMTC,Bryn Mawr Bank Corp.
BNFT,Benefitfocus Inc
BOCH,Bank of Commerce Holdings
BOMN,Boston Omaha Corp
BOOM,DMC Global Inc
BOOT,Boot Barn Holdings Inc
BOX,Box Inc
BPFH,Boston Private Financial Holdings Inc
BPMC,Blueprint Medicines Corp
BPRN,Bank of Princeton
BRC,Brady Corp.
BRG,Bluerock Residential Growth REIT Inc
BRID,Bridgford Foods Corporation
BRKL,"Brookline Bancorp, Inc."
BRKS,"Brooks Automation, Inc."
BRT,BRT Apartments Corp
BRY,Berry Corp
BSGM,Biosig Technologies Inc
BSIG,BrightSphere Investment Group Inc
BSRR,Sierra Bancorp
BSTC,Biospecifics Technologies Corp.
BSVN,Bank7 Corp
BTAI,BioXcel Therapeutics Inc
BTU,Peabody Energy Corp.
BUSE,First Busey Corp.
BV,BrightView Holdings Inc
BWB,Bridgewater Bancshares Inc
BWFG,Bankwell Financial Group Inc
BXG,Bluegreen Vacations Corp
BXMT,Blackstone Mortgage Trust Inc
BXS,BancorpSouth Bank
BY,Byline Bancorp Inc
BYD,Boyd Gaming Corp.
BYSI,BeyondSpring Inc
BZH,Beazer Homes USA Inc.
CAC,Camden National Corp.
CADE,Cadence Bancorporation
CAI,Cai International Inc
CAKE,Cheesecake Factory Inc.
CAL,Caleres Inc
CALA,Calithera Biosciences Inc
CALM,"Cal-Maine Foods, Inc."
CALX,Calix Inc
CAMP,Calamp Corp.
CAR,Avis Budget Group Inc
CARA,Cara Therapeutics Inc
CARE,Carter Bankshares Inc
CARG,CarGurus Inc
CARS,Cars.com
CASA,Casa Systems Inc
CASH,Meta Financial Group Inc.
CASI,CASI Pharmaceuticals Inc
CASS,Cass Information Systems Inc
CATC,Cambridge Bancorp
CATM,Cardtronics plc
CATO,Cato Corp.
CATY,Cathay General Bancorp
CBAN,"Colony Bankcorp, Inc."
CBAY,Cymabay Therapeutics Inc
CBB,"Cincinnati Bell, Inc."
CBMG,Cellular Biomedicine Group Inc
CBNK,Capital Bancorp Inc
CBRL,Cracker Barrel Old Country Store Inc
CBTX,CBTX Inc
CBU,"Community Bank System, Inc."
CBZ,Cbiz Inc
CCB,Coastal Financial Corp
CCBG,"Capital City Bank Group, Inc."
CCF,Chase Corp.
CCMP,CMC Materials Inc
CCNE,CNB Financial Corp (PA)
CCOI,Cogent Communications Holdings Inc
CCRN,"Cross Country Healthcares, Inc."
CCS,Century Communities Inc
CCXI,ChemoCentryx Inc
CDE,Coeur Mining Inc
CDLX,Cardlytics Inc
CDMO,Avid Bioservices Inc
CDNA,Caredx Inc
CDXC,Chromadex Corp
CDXS,Codexis Inc.
CDZI,Cadiz Inc.
CECE,Ceco Environmental Corp.
CEIX,Consol Energy Inc
CELH,Celsius Holdings Inc
CENT,Central Garden & Pet Co.
CENTA,Central Garden & Pet Co.
CENX,Century Aluminum Co.
CERC,Cerecor Inc
CERS,Cerus Corp.
CEVA,Ceva Inc.
CFB,Crossfirst Bankshares Inc
CFFI,C & F Financial Corp
CFFN,Capitol Federal Financial
CHCO,City Holding Co.
CHCT,Community Healthcare Trust Inc
CHDN,"Churchill Downs, Inc."
CHEF,Chefs` Warehouse Inc
CHMA,Chiasma Inc
CHMG,Chemung Financial Corp.
CHMI,Cherry Hill Mortgage Investment Corporation
CHRS,Coherus Biosciences Inc
CHS,"Chico`s Fas, Inc."
CHUY,Chuy`s Holdings Inc
CIA,"Citizens, Inc."
CIO,City Office REIT Inc
CIR,Circor International Inc
CIVB,Civista Bancshares Inc
CKH,SEACOR Holdings Inc
CKPT,Checkpoint Therapeutics Inc
CLAR,Clarus Corp
CLBK,"Columbia Financial, Inc"
CLCT,Collectors Universe Inc
CLDR,Cloudera Inc
CLDT,Chatham Lodging Trust
CLF,Cleveland-Cliffs Inc
CLFD,Clearfield Inc
CLI,Mack-Cali Realty Corp.
CLNC,Colony Credit Real Estate Inc
CLNE,Clean Energy Fuels Corp
CLPR,Clipper Realty Inc
CLVS,Clovis Oncology Inc
CLW,Clearwater Paper Corp
CLXT,Calyxt Inc
CMBM,Cambium Networks Corp
CMC,Commercial Metals Co.
CMCO,Columbus Mckinnon Corp.
CMCT,CIM Commercial Trust Corp
CMO,Capstead Mortgage Corp.
CMP,Compass Minerals International Inc
CMPR,Cimpress plc
CMRE,Costamare Inc
CMRX,Chimerix Inc
CMTL,Comtech Telecommunications Corp.
CNBKA,"Century Bancorp, Inc."
CNCE,Concert Pharmaceuticals Inc
CNDT,Conduent Inc
CNMD,Conmed Corp.
CNNE,Cannae Holdings Inc
CNO,CNO Financial Group Inc
CNOB,ConnectOne Bancorp Inc.
CNR,Cornerstone Building Brands Inc
CNS,Cohen & Steers Inc.
CNSL,Consolidated Communications Holdings Inc
CNST,Constellation Pharmaceuticals Inc
CNTY,Century Casinos Inc.
CNX,CNX Resources Corp
CNXN,"PC Connection, Inc."
COHU,"Cohu, Inc."
COKE,Coca-Cola Consolidated Inc
COLB,"Columbia Banking System, Inc."
COLL,Collegium Pharmaceutical Inc
CONN,Conns Inc
COOP,Mr. Cooper Group Inc
CORE,Core-Mark Hldg Co Inc
CORR,CorEnergy Infrastructure Trust Inc
CORT,Corcept Therapeutics Inc
COWN,Cowen Inc
CPF,Central Pacific Financial Corp.
CPK,Chesapeake Utilities Corp
CPLG,CorePoint Lodging Inc
CPRX,Catalyst Pharmaceuticals Inc
CPS,Cooper-Standard Holdings Inc
CPSI,Computer Programs & Systems Inc
CRAI,CRA International Inc.
CRBP,Corbus Pharmaceuticals Holdings Inc
CRC,California Resources Corporation
CRD-A,Crawford & Co.
CRK,"Comstock Resources, Inc."
CRMD,CorMedix Inc
CRMT,"Americas Car Mart, Inc."
CRNX,Crinetics Pharmaceuticals Inc
CROX,Crocs Inc
CRS,Carpenter Technology Corp.
CRTX,Cortexyme Inc
CRVL,Corvel Corp.
CRY,"Cryolife, Inc."
CSGS,CSG Systems International Inc.
CSII,Cardiovascular Systems Inc.
CSOD,Cornerstone OnDemand Inc
CSTE,Caesarstone Ltd
CSTL,Castle Biosciences Inc
CSTR,CapStar Financial Holdings Inc
CSV,"Carriage Services, Inc."
CSWI,CSW Industrials Inc
CTB,Cooper Tire & Rubber Co.
CTBI,"Community Trust Bancorp, Inc."
CTMX,CytomX Therapeutics Inc
CTO,CTO Realty Growth Inc
CTRE,CareTrust REIT Inc
CTRN,Citi Trends Inc
CTS,CTS Corp.
CTSO,Cytosorbents Corp
CTT,CatchMark Timber Trust Inc
CUB,Cubic Corp.
CUBI,Customers Bancorp Inc
CUE,Cue Biopharma Inc
CURO,CURO Group Holdings Corp
CUTR,Cutera Inc
CVA,Covanta Holding Corporation
CVBF,CVB Financial Corp.
CVCO,Cavco Industries Inc
CVCY,Central Valley Community Bancorp
CVGW,"Calavo Growers, Inc"
CVI,CVR Energy Inc
CVLT,Commvault Systems Inc
CVLY,"Codorus Valley Bancorp, Inc."
CVM,Cel-Sci Corp.
CWCO,Consolidated Water Co. Ltd.
CWEN,Clearway Energy Inc
CWEN-A,Clearway Energy Inc
CWH,Camping World Holdings Inc
CWK,Cushman & Wakefield plc
CWST,"Casella Waste Systems, Inc."
CWT,California Water Service Group
CXW,CoreCivic Inc
CYCN,Cyclerion Therapeutics Inc
CYH,"Community Health Systems, Inc."
CYRX,CryoPort Inc
CYTK,Cytokinetics Inc
CZNC,Citizens & Northern Corp
DAKT,Daktronics Inc.
DAN,Dana Inc
DAR,Darling Ingredients Inc
DBD,Diebold Nixdorf Inc
DBI,Designer Brands Inc
DCO,Ducommun Inc.
DCOM,Dime Community Bancshares Inc
DCPH,Deciphera Pharmaceuticals Inc
DDD,3D Systems Corp.
DDS,Dillard`s Inc.
DEA,Easterly Government Properties Inc
DECK,Deckers Outdoor Corp.
DENN,Denny`s Corp.
DFIN,Donnelley Financial Solutions Inc
DGICA,Donegal Group Inc.
DGII,"Digi International, Inc."
DHIL,"Diamond Hill Investment Group, Inc."
DHT,DHT Holdings Inc
DHX,DHI Group Inc
DIN,Dine Brands Global Inc
DIOD,"Diodes, Inc."
DJCO,Daily Journal Corporation
DK,Delek US Holdings Inc
DLTH,Duluth Holdings Inc
DLX,Deluxe Corp.
DMRC,Digimarc Corporation
DNLI,Denali Therapeutics Inc
DNOW,NOW Inc
DOC,Physicians Realty Trust
DOMO,Domo Inc.
DOOR,Masonite International Corp
DORM,Dorman Products Inc
DRH,Diamondrock Hospitality Co.
DRNA,Dicerna Pharmaceuticals Inc
DRQ,"Dril-Quip, Inc."
DSKE,Daseke Inc
DSPG,"DSP Group, Inc."
DSSI,Diamond S Shipping Inc
DTIL,Precision Biosciences Inc
DVAX,Dynavax Technologies Corp.
DX,"Dynex Capital, Inc."
DXPE,"DXP Enterprises, Inc."
DY,"Dycom Industries, Inc."
DZSI,DZS Inc
EAT,"Brinker International, Inc."
EB,Eventbrite Inc
EBF,Ennis Inc.
EBIX,Ebix Inc.
EBS,Emergent Biosolutions Inc
EBSB,Meridian Bancorp Inc
EBTC,"Enterprise Bancorp, Inc."
ECHO,Echo Global Logistics Inc
ECOL,US Ecology Inc.
ECOM,ChannelAdvisor Corp
ECPG,"Encore Capital Group, Inc."
EDIT,Editas Medicine Inc
EEX,Emerald Holding Inc
EFC,Ellington Financial Inc
EFSC,Enterprise Financial Services Corp.
EGAN,eGain Corp
EGBN,Eagle Bancorp Inc (MD)
EGHT,8X8 Inc.
EGLE,Eagle Bulk Shipping Inc
EGOV,NIC Inc
EGP,"Eastgroup Properties, Inc."
EGRX,Eagle Pharmaceuticals Inc
EHTH,eHealth Inc
EIDX,Eidos Therapeutics Inc
EIG,Employers Holdings Inc
EIGI,Endurance International Group Holdings Inc
EIGR,Eiger BioPharmaceuticals Inc
ELF,e.l.f. Beauty Inc
ELOX,Eloxx Pharmaceuticals Inc
ELY,Callaway Golf Co.
EME,"Emcor Group, Inc."
EML,Eastern Co.
ENDP,Endo International plc
ENOB,Enochian Biosciences Inc
ENS,Enersys
ENSG,Ensign Group Inc
ENTA,Enanta Pharmaceuticals Inc
ENV,Envestnet Inc.
ENVA,Enova International Inc.
ENZ,"Enzo Biochem, Inc."
EOLS,Evolus Inc
EPAY,Bottomline Technologies (Delaware) Inc
EPC,Edgewell Personal Care Co
EPM,Evolution Petroleum Corporation
EPRT,Essential Properties Realty Trust Inc
EPZM,Epizyme Inc
EQBK,Equity Bancshares Inc
ERII,Energy Recovery Inc
ESCA,"Escalade, Inc."
ESE,"Esco Technologies, Inc."
ESGR,Enstar Group Limited
ESNT,Essent Group Ltd
ESPR,Esperion Therapeutics Inc.
ESQ,Esquire Financial Holdings Inc
ESSA,ESSA Bancorp Inc
ESTE,Earthstone Energy Inc
ESXB,Community Bankers Trust Corp
ETH,"Ethan Allen Interiors, Inc."
ETM,Entercom Communications Corp
EVBN,Evans Bancorp Inc
EVC,Entravision Communications Corp.
EVER,EverQuote Inc
EVFM,Evofem Biosciences Inc
EVH,Evolent Health Inc
EVI,EVI Industries Inc
EVLO,Evelo Biosciences Inc
EVOP,EVO Payments Inc
EVRI,Everi Holdings Inc
EVTC,Evertec Inc
EXLS,Exlservice Hldgs Inc
EXPI,eXp World Holdings Inc
EXPO,Exponent Inc.
EXPR,Express Inc.
EXTN,Exterran Corp
EXTR,Extreme Networks Inc.
EYE,National Vision Holdings Inc
EZPW,"EZCorp, Inc."
FARM,Farmer Bros. Co.
FARO,Faro Technologies Inc.
FATE,Fate Therapeutics Inc
FBC,"Flagstar Bancorp, Inc."
FBIZ,First Business Financial Services Inc
FBK,FB Financial Corp
FBM,Foundation Building Materials Inc
FBMS,First Bancshares Inc Miss
FBNC,First Bancorp
FBP,First Bancorp PR
FC,Franklin Covey Co.
FCAP,First Capital Inc.
FCBC,First Community Bankshares Inc.
FCBP,First Choice Bancorp
FCCY,1st Constitution Bancorp
FCF,First Commonwealth Financial Corp.
FCFS,FirstCash Inc
FCPT,Four Corners Property Trust Inc
FDBC,"Fidelity D&D Bancorp, Inc."
FDP,Fresh Del Monte Produce Inc
FELE,"Franklin Electric Co., Inc."
FF,Futurefuel Corp
FFBC,First Financial Bancorp
FFG,"FBL Financial Group, Inc."
FFIC,Flushing Financial Corp.
FFIN,"First Financial Bankshares, Inc."
FFWM,First Foundation Inc
FGBI,First Guaranty Bancshares Inc
FGEN,FibroGen Inc
FI,Franks International N.V.
FIBK,First Interstate BancSystem Inc.
FISI,Financial Institutions Inc.
FIT,Fitbit Inc
FIX,"Comfort Systems USA, Inc."
FIXX,Homology Medicines Inc
FIZZ,National Beverage Corp.
FLDM,Fluidigm Corp
FLIC,First Of Long Island Corp.
FLMN,Falcon Minerals Corp
FLNT,Fluent Inc
FLOW,SPX FLOW Inc
FLWS,1-800 Flowers.com Inc.
FLXN,Flexion Therapeutics Inc
FMAO,Farmers & Merchants Bancorp Inc.
FMBH,First Mid Bancshares Inc.
FMBI,"First Midwest Bancorp, Inc."
FMNB,Farmers National Banc Corp.
FN,Fabrinet
FNCB,FNCB Bancorp Inc
FNHC,FedNat Holding Co
FNKO,Funko Inc
FNLC,First Bancorp Inc (ME)
FNWB,First Northwest Bancorp
FOCS,Focus Financial Partners Inc
FOE,Ferro Corp.
FOLD,Amicus Therapeutics Inc
FOR,Forestar Group Inc
FORM,FormFactor Inc.
FORR,Forrester Research Inc.
FOSL,Fossil Group Inc
FOXF,Fox Factory Holding Corp
FPI,Farmland Partners Inc
FPRX,Five Prime Therapeutics Inc
FRAF,Franklin Financial Services Corp.
FRBA,First Bank (NJ)
FRBK,"Republic First Bancorp, Inc."
FRGI,Fiesta Restaurant Group Inc
FRME,First Merchants Corp.
FRPH,FRP Holdings Inc
FRPT,Freshpet Inc
FRTA,Forterra Inc
FSBW,FS Bancorp Inc
FSCT,ForeScout Technologies Inc
FSP,Franklin Street Properties Corp.
FSS,Federal Signal Corp.
FSTR,L.B. Foster Co.
FUL,H.B. Fuller Company
FULC,Fulcrum Therapeutics Inc
FULT,Fulton Financial Corp.
FVCB,FVCBankcorp Inc
FWRD,Forward Air Corp.
GABC,German American Bancorp Inc
GAIA,Gaia Inc
GALT,Galectin Therapeutics Inc
GATX,GATX Corp.
GBCI,"Glacier Bancorp, Inc."
GBL,Gamco Investors Inc
GBLI,Global Indemnity Group LLC
GBX,"Greenbrier Cos., Inc."
GCBC,Greene County Bancorp Inc
GCI,Gannett Co Inc.
GCO,Genesco Inc.
GCP,GCP Applied Technologies Inc
GDEN,Golden Entertainment Inc
GDOT,Green Dot Corp.
GDP,Goodrich Petroleum Corp.
GEF,Greif Inc
GEF-B,Greif Inc
GENC,"Gencor Industries, Inc."
GEO,"Geo Group, Inc."
GERN,Geron Corp.
GES,Guess Inc.
GFF,Griffon Corp.
GFN,General Finance Corporation
GHL,Greenhill & Co Inc
GHM,Graham Corp.
GIII,G-III Apparel Group Ltd.
GKOS,Glaukos Corporation
GLDD,Great Lakes Dredge & Dock Corporation
GLNG,Golar Lng
GLRE,Greenlight Capital Re Ltd
GLT,Glatfelter Corporation
GLUU,Glu Mobile Inc
GLYC,GlycoMimetics Inc
GME,Gamestop Corporation
GMRE,Global Medical REIT Inc
GMS,GMS Inc
GNE,Genie Energy Ltd
GNK,Genco Shipping & Trading Limited
GNL,Global Net Lease Inc
GNLN,Greenlane Holdings Inc
GNMK,GenMark Diagnostics Inc
GNTY,"Guaranty Bancshares, Inc. (TX)"
GNW,Genworth Financial Inc
GOGO,Gogo Inc
GOLF,Acushnet Holdings Corp
GOOD,Gladstone Commercial Corp
GORO,Gold Resource Corporation
GOSS,Gossamer Bio Inc
GPI,"Group 1 Automotive, Inc."
GPMT,Granite Point Mortgage Trust Inc
GPOR,Gulfport Energy Corp.
GPRE,Green Plains Inc
GPRO,GoPro Inc.
GPX,GP Strategies Corp.
GRBK,Green Brick Partners Inc
GRC,Gorman-Rupp Co.
GRIF,Griffin Industrial Realty Inc
GRPN,Groupon Inc
GRTS,Gritstone Bio Inc
GSBC,"Great Southern Bancorp, Inc."
GSHD,Goosehead Insurance Inc
GSIT,GSI Technology Inc
GTHX,G1 Therapeutics Inc
GTLS,Chart Industries Inc
GTN,"Gray Television, Inc."
GTS,Triple-S Management Corp
GTT,GTT Communications Inc
GTY,Getty Realty Corp.
GTYH,GTY Technology Holdings Inc
GVA,Granite Construction Inc.
GWB,Great Western Bancorp Inc
GWRS,Global Water Resources Inc
HA,"Hawaiian Holdings, Inc."
HAFC,Hanmi Financial Corp.
HALO,Halozyme Therapeutics Inc.
HARP,Harpoon Therapeutics Inc
HASI,Hannon Armstrong Sustainable Infrastructure capital Inc
HAYN,Haynes International Inc.
HBB,Hamilton Beach Brands Holding Co
HBCP,Home Bancorp Inc
HBMD,Howard Bancorp Inc
HBNC,Horizon Bancorp Inc (IN)
HCAT,Health Catalyst Inc
HCC,Warrior Met Coal Inc
HCCI,Heritage-Crystal Clean Inc
HCI,HCI Group Inc
HCKT,Hackett Group Inc (The)
HCSG,"Healthcare Services Group, Inc."
HEES,H&E Equipment Services Inc
HELE,Helen of Troy Ltd
HFFG,HF Foods Group Inc.
HFWA,Heritage Financial Corp.
HI,Hillenbrand Inc
HIBB,Hibbett Sports Inc
HIFS,Hingham Institution For Savings
HL,Hecla Mining Co.
HLI,Houlihan Lokey Inc
HLIO,Helios Technologies Inc
HLIT,"Harmonic, Inc."
HLNE,Hamilton Lane Inc
HLX,Helix Energy Solutions Group Inc
HMHC,Houghton Mifflin Harcourt Co
HMN,Horace Mann Educators Corp.
HMST,HomeStreet Inc
HMSY,HMS Holdings Corp
HMTV,Hemisphere Media Group Inc
HNGR,Hanger Inc
HNI,HNI Corp.
HOFT,Hooker Furniture Corp
HOMB,Home Bancshares Inc
HOME,At Home Group Inc
HONE,HarborOne Bancorp Inc.
HOOK,Hookipa Pharma Inc
HOPE,Hope Bancorp Inc
HQY,Healthequity Inc
HR,"Healthcare Realty Trust, Inc."
HRI,Herc Holdings Inc
HRTG,Heritage Insurance Holdings Inc.
HRTX,Heron Therapeutics Inc
HSC,Harsco Corp.
HSII,"Heidrick & Struggles International, Inc."
HSKA,Heska Corp.
HSTM,Healthstream Inc
HT,Hersha Hospitality Trust
HTBI,HomeTrust Bancshares Inc
HTBK,Heritage Commerce Corp.
HTH,Hilltop Holdings Inc
HTLD,"Heartland Express, Inc."
HTLF,"Heartland Financial USA, Inc."
HUBG,"Hub Group, Inc."
HUD,Hudson Ltd
HURC,"Hurco Companies, Inc."
HURN,Huron Consulting Group Inc
HVT,"Haverty Furniture Cos., Inc."
HWBK,Hawthorn Bancshares Inc
HWC,Hancock Whitney Corp.
HWKN,Hawkins Inc
HY,Hyster-Yale Materials Handling Inc
HZO,"Marinemax, Inc."
IBCP,"Independent Bank Corporation (Ionia, MI)"
IBOC,International Bancshares Corp.
IBP,Installed Building Products Inc
IBTX,Independent Bank Group Inc
ICFI,"ICF International, Inc"
ICHR,Ichor Holdings Ltd
ICPT,Intercept Pharmaceuticals Inc
IDCC,Interdigital Inc
IDT,IDT Corp.
IESC,IES Holdings Inc
IHC,Independence Holding Co.
III,Information Services Group Inc.
IIIN,"Insteel Industries, Inc."
IIIV,i3 Verticals Inc
IIN,IntriCon Corporation
IIPR,Innovative Industrial Properties Inc
IIVI,Ii-Vi Inc.
ILPT,Industrial Logistics Properties Trust
IMAX,Imax Corp
IMGN,"Immunogen, Inc."
IMKTA,"Ingles Markets, Inc."
IMMR,Immersion Corp
IMXI,International Money Express Inc.
INBK,First Internet Bancorp
INDB,Independent Bank Corp.
INFN,Infinera Corp.
INGN,Inogen Inc
INN,Summit Hotel Properties Inc
INO,Inovio Pharmaceuticals Inc
INOV,Inovalon Holdings Inc
INS,Intelligent Systems Corp.
INSG,Inseego Corp
INSM,Insmed Inc
INSP,Inspire Medical Systems Inc
INSW,International Seaways Inc
INT,World Fuel Services Corp.
INVA,Innoviva Inc
IOSP,Innospec Inc
IPAR,"Inter Parfums, Inc."
IPI,Intrepid Potash Inc
IRBT,Irobot Corp
IRDM,Iridium Communications Inc
IRET,Investors Real Estate Trust
IRMD,Iradimed Corp
IRT,Independence Realty Trust Inc
IRTC,iRhythm Technologies Inc
IRWD,Ironwood Pharmaceuticals Inc
ISBC,Investors Bancorp Inc
ISTR,Investar Holding Corp
ITCI,Intra-Cellular Therapies Inc
ITGR,Integer Holdings Corp
ITI,Iteris Inc.
ITIC,Investors Title Co.
ITRI,Itron Inc.
IVC,Invacare Corp.
IVR,Invesco Mortgage Capital Inc
JACK,"Jack In The Box, Inc."
JBSS,"Sanfilippo (John B.) & Son, Inc"
JBT,John Bean Technologies Corp
JCOM,J2 Global Inc.
JELD,JELD-WEN Holding Inc.
JJSF,J&J Snack Foods Corp.
JNCE,Jounce Therapeutics Inc
JOE,St. Joe Co.
JOUT,Johnson Outdoors Inc
JRVR,James River Group Holdings Ltd
JYNT,Joint Corp
KAI,"Kadant, Inc."
KALA,Kala Pharmaceuticals Inc
KALU,Kaiser Aluminum Corp
KALV,KalVista Pharmaceuticals Inc
KAMN,Kaman Corp.
KBAL,"Kimball International, Inc."
KBH,KB Home
KBR,KBR Inc
KDMN,Kadmon Holdings Inc
KE,Kimball Electronics Inc
KELYA,"Kelly Services, Inc."
KFRC,Kforce Inc.
KFY,Korn Ferry
KIDS,OrthoPediatrics corp
KIN,Kindred Biosciences Inc
KLDO,Kaleido Biosciences Inc
KMT,Kennametal Inc.
KN,Knowles Corp
KNL,Knoll Inc
KNSA,Kiniksa Pharmaceuticals Ltd
KNSL,Kinsale Capital Group Inc
KOD,Kodiak Sciences Inc
KOP,Koppers Holdings Inc
KPTI,Karyopharm Therapeutics Inc
KRA,Kraton Corp
KREF,KKR Real Estate Finance Trust Inc
KRG,Kite Realty Group Trust
KRNY,Kearny Financial Corp.
KRO,"Kronos Worldwide, Inc."
KRTX,Karuna Therapeutics Inc
KRUS,Kura Sushi USA Inc
KRYS,Krystal Biotech Inc
KTB,Kontoor Brands Inc
KTOS,Kratos Defense & Security Solutions Inc
KURA,Kura Oncology Inc
KVHI,"KVH Industries, Inc."
KW,Kennedy-Wilson Holdings Inc
KWR,Quaker Chemical Corp.
KZR,Kezar Life Sciences Inc
LAD,"Lithia Motors, Inc."
LADR,Ladder Capital Corp
LANC,Lancaster Colony Corp.
LAND,Gladstone Land Corp
LASR,nLIGHT Inc
LAUR,Laureate Education Inc
LAWS,"Lawson Products, Inc."
LBAI,"Lakeland Bancorp, Inc."
LBC,Luther Burbank Corp
LBRT,Liberty Oilfield Services Inc
LC,LendingClub Corp
LCI,"Lannett Co., Inc."
LCII,LCI Industries
LCNB,LCNB Corp
LCUT,"Lifetime Brands, Inc."
LDL,"Lydall, Inc."
LE,"Lands` End, Inc."
LEGH,Legacy Housing Corp
LEVL,Level One Bancorp Inc
LFVN,Lifevantage Corporation
LGIH,LGI Homes Inc
LGND,"Ligand Pharmaceuticals, Inc."
LHCG,LHC Group Inc
LILA,Liberty Latin America Ltd
LILAK,Liberty Latin America Ltd
LIND,Lindblad Expeditions Holdings Inc
LIVN,LivaNova PLC
LIVX,LiveXLive Media Inc
LJPC,La Jolla Pharmaceutical Co.
LKFN,Lakeland Financial Corp.
LL,Lumber Liquidators Holdings Inc
LLNW,Limelight Networks Inc
LMAT,Lemaitre Vascular Inc
LMNR,Limoneira Co
LMNX,Luminex Corp
LNDC,Landec Corp.
LNN,Lindsay Corporation
LNTH,Lantheus Holdings Inc
LOB,Live Oak Bancshares Inc
LOCO,El Pollo Loco Holdings Inc
LOGC,LogicBio Therapeutics Inc
LORL,Loral Space & Communications Inc
LOVE,Lovesac Company
LPG,Dorian LPG Ltd
LPSN,Liveperson Inc
LPX,Louisiana-Pacific Corp.
LQDA,Liquidia Corp
LQDT,Liquidity Services Inc
LRN,Stride Inc
LSCC,Lattice Semiconductor Corp.
LTC,"LTC Properties, Inc."
LTHM,Livent Corp
LTRPA,Liberty TripAdvisor Holdings Inc
LXFR,Luxfer Holdings PLC
LXP,Lexington Realty Trust
LXRX,Lexicon Pharmaceuticals Inc
LZB,La-Z-Boy Inc.
MANT,Mantech International Corp
MATW,Matthews International Corp.
MATX,Matson Inc
MAXR,Maxar Technologies Inc
MBI,MBIA Inc.
MBII,Marrone Bio Innovations Inc
MBIN,Merchants Bancorp
MBIO,Mustang Bio Inc
MBUU,Malibu Boats Inc
MBWM,Mercantile Bank Corp.
MC,Moelis & Co
MCB,Metropolitan Bank Holding Corp
MCBC,Macatawa Bank Corp.
MCFT,MasterCraft Boat Holdings Inc
MCRB,Seres Therapeutics Inc
MCRI,"Monarch Casino & Resort, Inc."
MCS,Marcus Corp.
MDC,"M.D.C. Holdings, Inc."
MDGL,Madrigal Pharmaceuticals Inc
MDP,Meredith Corp.
MDRX,Allscripts Healthcare Solutions Inc
MEC,Mayville Engineering Company Inc
MED,Medifast Inc
MEDP,Medpace Holdings Inc
MEI,"Methode Electronics, Inc."
MEIP,MEI Pharma Inc
MESA,Mesa Air Group Inc.
MFNC,Mackinac Financial Corp.
MG,Mistras Group Inc
MGEE,"MGE Energy, Inc."
MGLN,Magellan Health Inc
MGNX,Macrogenics Inc
MGPI,"MGP Ingredients, Inc."
MGRC,McGrath Rentcorp
MGTA,Magenta Therapeutics Inc
MGTX,MeiraGTx Holdings plc
MGY,Magnolia Oil & Gas Corp
MHO,MI Homes Inc.
MIK,Michaels Companies Inc
MIRM,Mirum Pharmaceuticals Inc
MITK,Mitek Systems Inc
MLAB,"Mesa Laboratories, Inc."
MLHR,Herman Miller Inc.
MLI,"Mueller Industries, Inc."
MLP,"Maui Land & Pineapple Co., Inc."
MLR,Miller Industries Inc.
MMAC,MMA Capital Holdings Inc
MMI,Marcus & Millichap Inc
MMS,Maximus Inc.
MMSI,"Merit Medical Systems, Inc."
MNKD,Mannkind Corp
MNOV,Medicinova Inc
MNR,Monmouth Real Estate Investment Corp.
MNRL,Brigham Minerals Inc
MNRO,Monro Inc
MNSB,MainStreet Bancshares Inc
MOBL,Mobile Iron Inc
MOD,Modine Manufacturing Co.
MODN,Model N Inc
MOFG,MidWestOne Financial Group Inc
MOG-A,"Moog, Inc."
MORF,Morphic Holding Inc
MOV,"Movado Group, Inc."
MPAA,Motorcar Parts of America Inc.
MPB,"Mid Penn Bancorp, Inc."
MPX,Marine Products Corp
MRC,MRC Global Inc
MRKR,Marker Therapeutics Inc
MRLN,Marlin Business Services Corp
MRNS,Marinus Pharmaceuticals Inc
MRSN,Mersana Therapeutics Inc
MRTN,"Marten Transport, Ltd."
MRTX,Mirati Therapeutics Inc
MSBI,Midland States Bancorp Inc
MSEX,Middlesex Water Co.
MSGN,MSG Networks Inc
MSON,Misonix Inc
MSTR,Microstrategy Inc.
MTDR,Matador Resources Co
MTEM,Molecular Templates Inc
MTH,Meritage Homes Corp.
MTOR,Meritor Inc
MTRN,Materion Corp
MTRX,Matrix Service Co.
MTSC,MTS Systems Corp.
MTSI,MACOM Technology Solutions Holdings Inc
MTW,"Manitowoc Co., Inc."
MTX,"Minerals Technologies, Inc."
MTZ,Mastec Inc.
MUSA,Murphy USA Inc
MVBF,MVB Financial Corp.
MWA,Mueller Water Products Inc
MXL,MaxLinear Inc
MYE,Myers Industries Inc.
MYGN,"Myriad Genetics, Inc."
MYRG,MYR Group Inc
NAT,Nordic American Tankers Ltd
NATH,"Nathan`s Famous, Inc."
NATR,"Nature`s Sunshine Products, Inc."
NAV,Navistar International Corp.
NBEV,NewAge Inc
NBHC,National Bank Holdings Corp
NBN,Northeast Bank
NBR,Nabors Industries Ltd
NBTB,NBT Bancorp. Inc.
NC,Nacco Industries Inc.
NCBS,Nicolet Bankshares Inc.
NCMI,National Cinemedia Inc
NDLS,Noodles & Company
NEO,Neogenomics Inc.
NEOG,Neogen Corp.
NERV,Minerva Neurosciences Inc
NESR,National Energy Services Reunited Corp
NEXT,NextDecade Corporation
NFBK,Northfield Bancorp Inc
NG,Novagold Resources Inc.
NGHC,National General Holdings Corp
NGM,Ngm Biopharmaceuticals Inc
NGVC,Natural Grocers by Vitamin Cottage Inc
NGVT,Ingevity Corp
NHC,National Healthcare Corp.
NHI,"National Health Investors, Inc."
NJR,New Jersey Resources Corporation
NKSH,National Bankshares Inc.
NMIH,NMI Holdings Inc
NMRK,Newmark Group Inc
NNBR,NN Inc
NNI,Nelnet Inc
NODK,NI Holdings Inc
NOVA,Sunnova Energy International Inc
NOVT,Novanta Inc
NP,Neenah Inc
NPK,"National Presto Industries, Inc."
NPO,EnPro Industries Inc
NPTN,NeoPhotonics Corporation
NR,"Newpark Resources, Inc."
NRC,National Research Corp
NRIM,"Northrim Bancorp, Inc."
NSA,National Storage Affiliates Trust
NSIT,Insight Enterprises Inc.
NSP,Insperity Inc
NSSC,NAPCO Security Technologies Inc
NSTG,Nanostring Technologies Inc
NTB,The Bank of N.T. Butterfield & Son Ltd.
NTCT,Netscout Systems Inc
NTGR,Netgear Inc
NTLA,Intellia Therapeutics Inc
NTRA,Natera Inc
NTUS,Natus Medical Inc
NUVA,Nuvasive Inc
NVAX,"Novavax, Inc."
NVEC,NVE Corp
NVEE,NV5 Global Inc
NVRO,Nevro Corp
NVTA,Invitae Corp
NWBI,Northwest Bancshares Inc
NWE,Northwestern Corp.
NWFL,Norwood Financial Corp.
NWLI,National Western Life Group Inc
NWN,Northwest Natural Holding Co
NWPX,Northwest Pipe Co.
NX,Quanex Building Products Corp
NXGN,NextGen Healthcare Inc
NXRT,NexPoint Residential Trust Inc
NXTC,Nextcure Inc
NYMT,New York Mortgage Trust Inc
OBNK,Origin Bancorp Inc
OCFC,OceanFirst Financial Corp.
OCUL,Ocular Therapeutix Inc
OCX,OncoCyte Corp
ODC,Oil-Dri Corp. Of America
ODP,ODP Corporation (The)
ODT,Odonate Therapeutics Inc
OEC,Orion Engineered Carbons S.A.
OFG,OFG Bancorp
OFIX,Orthofix Medical Inc
OFLX,Omega Flex Inc
OGS,ONE Gas Inc
OII,"Oceaneering International, Inc."
OIS,"Oil States International, Inc."
OLP,"One Liberty Properties, Inc."
OMCL,"Omnicell, Inc."
OMER,Omeros Corporation
OMI,"Owens & Minor, Inc."
ONB,Old National Bancorp
OOMA,Ooma Inc
OPBK,OP Bancorp
OPI,Office Properties Income Trust
OPK,Opko Health Inc
OPRX,OptimizeRx Corp
OPTN,OptiNose Inc
OPY,Oppenheimer Holdings Inc
ORA,Ormat Technologies Inc
ORBC,Orbcomm Inc
ORC,Orchid Island Capital Inc
ORGO,Organogenesis Holdings Inc
ORRF,"Orrstown Financial Services, Inc."
OSBC,Old Second Bancorporation Inc.
OSG,"Overseas Shipholding Group, Inc."
OSIS,"OSI Systems, Inc."
OSMT,Osmotica Pharmaceuticals Plc
OSPN,OneSpan Inc
OSTK,Overstock.com Inc
OSUR,Orasure Technologies Inc.
OSW,OneSpaWorld Holdings Limited
OTTR,Otter Tail Corporation
OVBC,Ohio Valley Banc Corp.
OVLY,Oak Valley Bancorp
OXM,"Oxford Industries, Inc."
PACB,Pacific Biosciences of California Inc
PAHC,Phibro Animal Health Corp.
PAR,Par Technology Corp.
PARR,Par Pacific Holdings Inc
PATK,"Patrick Industries, Inc."
PAYS,PaySign Inc
PBFS,Pioneer Bancorp Inc
PBH,Prestige Consumer Healthcare Inc
PBI,"Pitney Bowes, Inc."
PBIP,Prudential Bancorp Inc
PBYI,Puma Biotechnology Inc
PCB,PCB Bancorp.
PCH,PotlatchDeltic Corp
PCRX,Pacira BioSciences Inc
PCSB,PCSB Financial Corp
PCYO,Pure Cycle Corp.
PDCE,PDC Energy Inc
PDCO,Patterson Companies Inc.
PDFS,PDF Solutions Inc.
PDLB,PDL Community Bancorp
PDLI,PDL Biopharma Inc
PDM,Piedmont Office Realty Trust Inc
PEB,Pebblebrook Hotel Trust
PEBK,Peoples Bancorp Of North Carolina Inc
PEBO,"Peoples Bancorp, Inc. (Marietta, OH)"
PENN,"Penn National Gaming, Inc."
PETQ,PetIQ Inc
PETS,"Petmed Express, Inc."
PFBC,"Preferred Bank (Los Angeles, CA)"
PFBI,"Premier Financial Bancorp, Inc."
PFGC,Performance Food Group Company
PFIS,Peoples Financial Services Corp
PFS,Provident Financial Services Inc
PFSI,PennyMac Financial Services Inc.
PGC,Peapack-Gladstone Financial Corp.
PGTI,PGT Innovations Inc
PHAS,PhaseBio Pharmaceuticals Inc
PHR,Phreesia Inc
PI,Impinj Inc
PICO,Vidler Water Resources Inc
PIRS,Pieris Pharmaceuticals Inc
PJT,PJT Partners Inc
PKBK,Parke Bancorp Inc
PKE,Park Aerospace Corp
PKOH,Park-Ohio Holdings Corp.
PLAB,"Photronics, Inc."
PLAY,Dave & Buster`s Entertainment Inc
PLCE,Childrens Place Inc
PLMR,Palomar Holdings Inc
PLOW,Douglas Dynamics Inc
PLPC,Preformed Line Products Co.
PLSE,Pulse Biosciences Inc
PLT,"Plantronics, Inc."
PLUG,Plug Power Inc
PLUS,ePlus Inc
PLXS,Plexus Corp.
PMT,Pennymac Mortgage Investment Trust
PNM,PNM Resources Inc
PNRG,PrimeEnergy Resources Corp
PNTG,Pennant Group Inc
POR,Portland General Electric Co
POWI,Power Integrations Inc.
POWL,"Powell Industries, Inc."
PPBI,"Pacific Premier Bancorp, Inc."
PQG,PQ Group Holdings Inc
PRA,Proassurance Corporation
PRAA,PRA Group Inc
PRFT,Perficient Inc.
PRGS,Progress Software Corp.
PRIM,Primoris Services Corp
PRK,Park National Corp.
PRLB,Proto Labs Inc
PRMW,Primo Water Corporation
PRO,Pros Holdings Inc
PROS,Prosight Global Inc
PROV,"Provident Financial Holdings, Inc."
PRPL,Purple Innovation Inc
MODV,Providence Service Corp
PRSP,Perspecta Inc
PRTA,Prothena Corporation plc
PRTH,Priority Technology Holdings Inc
PRTK,Paratek Pharmaceuticals Inc.
PRVL,Prevail Therapeutics Inc
PSB,"PS Business Parks, Inc."
PSMT,Pricesmart Inc.
PSN,Parsons Corp
PSNL,Personalis Inc
PTCT,PTC Therapeutics Inc
PTGX,Protagonist Therapeutics Inc
PTSI,"P.A.M. Transportation Services, Inc."
PTVCB,Protective Insurance Corp.
PUMP,ProPetro Holding Corp
PVAC,Penn Virginia Corp.
PVBC,Provident Bancorp Inc
PWOD,"Penns Woods Bancorp, Inc."
PZN,Pzena Investment Management Inc
PZZA,"Papa John`s International, Inc."
QADA,"QAD, Inc."
QCRH,"QCR Holding, Inc."
QLYS,Qualys Inc
QNST,QuinStreet Inc
QTRX,Quanterix Corp
QTS,Qts Realty Trust Inc
QTWO,Q2 Holdings Inc
QUAD,Quad/Graphics Inc
QUOT,Quotient Technology Inc
RAD,Rite Aid Corp.
RAMP,LiveRamp Holdings Inc
RARE,Ultragenyx Pharmaceutical Inc.
RAVN,"Raven Industries, Inc."
RBB,RBB Bancorp
RBBN,Ribbon Communications Inc
RBCAA,"Republic Bancorp, Inc. (KY)"
RBNC,Reliant Bancorp Inc
RC,Ready Capital Corp
RCII,Rent-a-Center Inc.
RCKT,Rocket Pharmaceuticals Inc
RCKY,"Rocky Brands, Inc"
RCM,R1 RCM Inc
RCUS,Arcus Biosciences Inc
RDFN,Redfin Corp
RDN,"Radian Group, Inc."
RDNT,Radnet Inc
RDUS,Radius Health Inc.
REAL,Therealreal Inc
REGI,Renewable Energy Group Inc
REPH,Recro Pharma Inc
REPL,Replimune Group Inc
RES,"RPC, Inc."
RESI,Front Yard Residential Corp
REV,"Revlon, Inc."
REVG,REV Group Inc
REX,REX American Resources Corp
RFL,Rafael Holdings Inc
RGCO,"RGC Resources, Inc."
RGNX,Regenxbio Inc
RGR,"Sturm, Ruger & Co., Inc."
RGS,Regis Corp.
RH,RH
RHP,Ryman Hospitality Properties Inc
RICK,RCI Hospitality Holdings Inc
RIGL,Rigel Pharmaceuticals
RILY,B. Riley Financial Inc
RLGT,"Radiant Logistics, Inc."
RLGY,Realogy Holdings Corp
RLI,RLI Corp.
RLJ,RLJ Lodging Trust
RM,Regional Management Corp
RMAX,RE/MAX Holdings Inc
RMBI,Richmond Mutual Bancorporation Inc
RMBS,Rambus Inc.
RMNI,Rimini Street Inc.
RMR,RMR Group Inc (The)
RMTI,Rockwell Medical Inc
RNST,Renasant Corp.
ROAD,Construction Partners Inc
ROCK,Gibraltar Industries Inc.
ROG,Rogers Corp.
ROIC,Retail Opportunity Investments Corp
ROLL,RBC Bearings Inc.
RPD,Rapid7 Inc
RPT,RPT Realty
RRBI,Red River Bancshares Inc
RRGB,Red Robin Gourmet Burgers Inc
RRR,Red Rock Resorts Inc
RUBY,Rubius Therapeutics Inc
RUN,Sunrun Inc
RUSHA,Rush Enterprises Inc
RUSHB,Rush Enterprises Inc
RUTH,Ruths Hospitality Group Inc
RVI,Retail Value Inc
RVNC,Revance Therapeutics Inc
RVSB,"Riverview Bancorp, Inc."
RWT,Redwood Trust Inc.
RXN,Rexnord Corp
RYAM,Rayonier Advanced Materials Inc
RYI,Ryerson Holding Corp.
RYTM,Rhythm Pharmaceuticals Inc.
SAFE,Safehold Inc
SAFM,"Sanderson Farms, Inc."
SAFT,"Safety Insurance Group, Inc."
SAH,"Sonic Automotive, Inc."
SAIA,Saia Inc.
SAIL,SailPoint Technologies Holdings Inc
SALT,Scorpio Bulkers Inc
SAMG,Silvercrest Asset Management Group Inc
SANM,Sanmina Corp
SASR,Sandy Spring Bancorp
SAVE,Spirit Airlines Inc
SB,"Safe Bulkers, Inc"
SBBP,Strongbridge Biopharma plc
SBCF,Seacoast Banking Corp. Of Florida
SBH,Sally Beauty Holdings Inc
SBRA,Sabra Healthcare REIT Inc
SBSI,Southside Bancshares Inc
SBT,Sterling Bancorp Inc
SCHL,Scholastic Corp.
SCHN,"Schnitzer Steel Industries, Inc."
SCL,Stepan Co.
SCOR,Comscore Inc.
SCS,"Steelcase, Inc."
SCSC,"Scansource, Inc."
SCU,Sculptor Capital Management Inc
SCVL,"Shoe Carnival, Inc."
SCWX,SecureWorks Corp
SEAS,SeaWorld Entertainment Inc
SEM,Select Medical Holdings Corporation
SENEA,Seneca Foods Corp.
SF,Stifel Financial Corp.
SFBS,ServisFirst Bancshares Inc
SFE,"Safeguard Scientifics, Inc."
SFIX,Stitch Fix Inc
SFL,SFL Corporation Ltd
SFNC,Simmons First National Corp.
SFST,Southern First Bancshares Inc
SGA,"Saga Communications, Inc."
SGC,Superior Group of Companies Inc..
SGH,SMART Global Holdings Inc
SGMO,Sangamo Therapeutics Inc
SGMS,Scientific Games Corporation
SGRY,Surgery Partners Inc
SHAK,Shake Shack Inc
SHBI,Shore Bancshares Inc.
SHEN,Shenandoah Telecommunications Co.
SHO,Sunstone Hotel Investors Inc
SHOO,Steven Madden Ltd.
SIBN,SI-BONE Inc
SIEB,Siebert Financial Corp.
SIEN,Sientra Inc
SIG,Signet Jewelers Ltd
SIGA,SIGA Technologies Inc
SIGI,Selective Insurance Group Inc.
SILK,Silk Road Medical Inc
SITE,SiteOne Landscape Supply Inc
SJI,South Jersey Industries Inc.
SJW,SJW Group
SKT,"Tanger Factory Outlet Centers, Inc."
SKY,Skyline Champion Corp
SKYW,Skywest Inc.
SLAB,Silicon Laboratories Inc
SLCA,U.S. Silica Holdings Inc
SLCT,Select Bancorp Inc
SLDB,Solid Biosciences Inc
SLP,Simulations Plus Inc.
SM,SM Energy Co
SMBC,"Southern Missouri Bancorp, Inc."
SMBK,SmartFinancial Inc
SMMF,Summit Financial Group Inc
SMP,"Standard Motor Products, Inc."
SMPL,Simply Good Foods Co
SMTC,Semtech Corp.
SNBR,Sleep Number Corp
SNCR,Synchronoss Technologies Inc
SNDX,Syndax Pharmaceuticals Inc
SNR,New Senior Investment Group Inc
SOI,Solaris Oilfield Infrastructure Inc
SOLY,Soliton Inc
SONA,Southern National Bancorp of Virginia Inc.
SONO,Sonos Inc
SP,SP Plus Corp
SPFI,South Plains Financial Inc
SPKE,Spark Energy Inc
SPNE,SeaSpine Holdings Corp
SPOK,Spok Holdings Inc
SPPI,"Spectrum Pharmaceuticals, Inc."
SPRO,Spero Therapeutics Inc
SPSC,SPS Commerce Inc.
SPTN,SpartanNash Co
SPWH,Sportsman`s Warehouse Holdings Inc
SPWR,Sunpower Corp
SPXC,SPX Corp.
SR,Spire Inc.
SRCE,1st Source Corp.
SRDX,"Surmodics, Inc."
SRG,Seritage Growth Properties
SRI,Stoneridge Inc.
SRNE,Sorrento Therapeutics Inc
SRRK,Scholar Rock Holding Corp
SRT,"Startek, Inc."
SSB,South State Corp
SSD,"Simpson Manufacturing Co., Inc."
SSP,E.W. Scripps Co.
SSTI,ShotSpotter Inc
SSTK,Shutterstock Inc
STAA,Staar Surgical Co.
STAG,STAG Industrial Inc
STAR,iStar Inc
STBA,"S & T Bancorp, Inc."
STC,Stewart Information Services Corp.
STFC,State Auto Financial Corp.
STMP,Stamps.com Inc.
STNG,Scorpio Tankers Inc
STOK,Stoke Therapeutics Inc
STRA,Strategic Education Inc
STRL,"Sterling Construction Company, Inc."
STRO,Sutro Biopharma Inc
STRS,Stratus Properties Inc.
STXB,Spirit of Texas Bancshares Inc
SUM,Summit Materials Inc
SUPN,Supernus Pharmaceuticals Inc
SVMK,SVMK Inc
SVRA,Savara Inc
SWAV,ShockWave Medical Inc
SWM,"Schweitzer-Mauduit International, Inc."
SWN,Southwestern Energy Company
SWX,Southwest Gas Holdings Inc
SXC,SunCoke Energy Inc
SXI,Standex International Corp.
SXT,Sensient Technologies Corp.
SYBT,Stock Yards Bancorp Inc
SYKE,"Sykes Enterprises, Inc."
SYNA,Synaptics Inc
SYRS,Syros Pharmaceuticals Inc.
SYX,"Systemax, Inc."
TACO,Del Taco Restaurants Inc
TALO,Talos Energy Inc
TAST,Carrols Restaurant Group Inc.
TBBK,Bancorp Inc. (The)
TBI,TrueBlue Inc
TBIO,Translate Bio Inc
TBK,Triumph Bancorp Inc
TBNK,Territorial Bancorp Inc
TBPH,Theravance Biopharma Inc
TCBK,Trico Bancshares
TCDA,Tricida Inc
TCFC,Community Financial Corp
TCI,"Transcontinental Realty Investors, Inc."
TCMD,Tactile Systems Technology Inc
TCRR,Tcr2 Therapeutics Inc
TCS,Container Store Group Inc
TCX,"Tucows, Inc."
TDW,Tidewater Inc.
TELL,Tellurian Inc
TEN,"Tenneco, Inc."
TENB,Tenable Holdings Inc
TEX,Terex Corp.
TG,Tredegar Corp.
TGH,Textainer Group Holdings Limited
TGI,Triumph Group Inc.
TGNA,TEGNA Inc
TGTX,TG Therapeutics Inc
TH,Target Hospitality Corp
THC,Tenet Healthcare Corp.
THFF,First Financial Corp. - Indiana
THR,Thermon Group Holdings Inc
THRM,Gentherm Inc
TILE,Interface Inc.
TIPT,Tiptree Inc
TISI,"Team, Inc."
TITN,Titan Machinery Inc
TLYS,Tillys Inc
TMDX,Transmedics Group Inc
TMHC,Taylor Morrison Home Corp.
TMP,Tompkins Financial Corp
TMST,TimkenSteel Corp
TNAV,Telenav Inc
TNC,Tennant Co.
TNET,TriNet Group Inc
TOWN,Townebank Portsmouth VA
TPB,Turning Point Brands Inc
TPC,Tutor Perini Corp
TPCO,Tribune Publishing Co
TPH,Tri Pointe Homes Inc.
TPIC,TPI Composites Inc
TPRE,Third Point Reinsurance Ltd
TPTX,Turning Point Therapeutics Inc
TR,"Tootsie Roll Industries, Inc."
TRC,Tejon Ranch Co.
TREC,Trecora Resources
TRHC,Tabula Rasa HealthCare Inc
TRMK,Trustmark Corp.
TRNO,Terreno Realty Corp
TRNS,Transcat Inc
TROX,Tronox Holdings plc
TRS,Trimas Corporation
TRST,Trustco Bank Corp.
TRTN,Triton International Ltd
TRTX,TPG RE Finance Trust Inc
TRUP,Trupanion Inc
TSBK,"Timberland Bancorp, Inc."
TSC,Tristate Capital Holdings Inc
TSE,Trinseo S.A.
TTEC,TTEC Holdings Inc
TTEK,"Tetra Tech, Inc."
TTGT,Techtarget Inc.
TTMI,TTM Technologies Inc
TUP,Tupperware Brands Corporation
TVTY,Tivity Health Inc
TWNK,Hostess Brands Inc
TWST,Twist Bioscience Corp
TXMD,TherapeuticsMD Inc
TXRH,Texas Roadhouse Inc
TYME,Tyme Technologies Inc
UBA,"Urstadt Biddle Properties, Inc."
UBFO,United Security Bancshares (CA)
UBSI,"United Bankshares, Inc."
UBX,Unity Biotechnology Inc
UCBI,United Community Banks Inc
UCTT,Ultra Clean Hldgs Inc
UE,Urban Edge Properties
UEC,Uranium Energy Corp
UEIC,Universal Electronics Inc.
UFCS,United Fire Group Inc
UFI,"UNIFI, Inc."
UFPI,UFP Industries Inc
UFPT,UFP Technologies Inc.
UHT,Universal Health Realty Income Trust
UIHC,United Insurance Holdings Corp
UIS,Unisys Corp.
ULH,Universal Logistics Holdings Inc
UMBF,UMB Financial Corp.
UMH,UMH Properties Inc
UNF,Unifirst Corp.
UNFI,United Natural Foods Inc.
UNIT,Uniti Group Inc
UNTY,"Unity Bancorp, Inc."
UPLD,Upland Software Inc
UPWK,Upwork Inc
URGN,UroGen Pharma Ltd
USCR,"U.S. Concrete, Inc."
USLM,United States Lime & Minerals Inc.
USNA,Usana Health Sciences Inc
USPH,"U.S. Physical Therapy, Inc."
USX,U.S. Xpress Enterprises Inc
UTL,Unitil Corp.
UTMD,"Utah Medical Products, Inc."
UUUU,Energy Fuels Inc
UVE,Universal Insurance Holdings Inc
UVSP,Univest Financial Corp
UVV,Universal Corp.
VAC,Marriott Vacations Worldwide Corp
VALU,"Value Line, Inc."
VAPO,Vapotherm Inc
VBIV,VBI Vaccines Inc.
VBTX,Veritex Holdings Inc
VC,Visteon Corp.
VCEL,Vericel Corp
VCRA,Vocera Communication Inc
VCYT,Veracyte Inc
VEC,Vectrus Inc
VECO,Veeco Instruments Inc
VG,Vonage Holdings Corp
VGR,Vector Group Ltd
VHC,Virnetx Holding Corp
VIAV,Viavi Solutions Inc
VICR,Vicor Corp.
VIVO,Meridian Bioscience Inc.
VKTX,Viking Therapeutics Inc
VLGEA,"Village Super Market, Inc."
VLY,Valley National Bancorp
VNDA,Vanda Pharmaceuticals Inc
VPG,Vishay Precision Group Inc
VRA,Vera Bradley Inc
VRAY,ViewRay Inc.
VRCA,Verrica Pharmaceuticals Inc
VREX,Varex Imaging Corp
VRNS,Varonis Systems Inc
VRNT,"Verint Systems, Inc."
VRRM,Verra Mobility Corp
VRS,Verso Corp
VRTS,Virtus Investment Partners Inc
VRTU,Virtusa Corp
VRTV,Veritiv Corp
VSEC,VSE Corp.
VSH,"Vishay Intertechnology, Inc."
VSTO,Vista Outdoor Inc
VVI,Viad Corp.
VYGR,Voyager Therapeutics Inc
WABC,Westamerica Bancorporation
WAFD,Washington Federal Inc.
WASH,"Washington Trust Bancorp, Inc."
WBT,Welbilt Inc
WD,Walker & Dunlop Inc
WDFC,WD-40 Co.
WDR,"Waddell & Reed Financial, Inc."
WERN,"Werner Enterprises, Inc."
WETF,Wisdomtree Investments Inc
WEYS,"Weyco Group, Inc"
WGO,"Winnebago Industries, Inc."
WHD,Cactus Inc
WHG,Westwood Holdings Group Inc
WIFI,Boingo Wireless Inc
WINA,Winmark Corporation
WING,Wingstop Inc
WIRE,Encore Wire Corp.
WK,Workiva Inc
WLDN,Willdan Group Inc
WLFC,Willis Lease Finance Corp.
WLL,Whiting Petroleum Corp
WMC,Western Asset Mortgage Capital Corp
WMK,"Weis Markets, Inc."
WMS,Advanced Drainage Systems Inc
WNC,Wabash National Corp.
WNEB,Western New England Bancorp Inc
WOR,"Worthington Industries, Inc."
WOW,WideOpenWest Inc
WRE,Washington Real Estate Investment Trust
WRLD,World Acceptance Corp.
WRTC,Wrap Technologies Inc
WSBC,"Wesbanco, Inc."
WSBF,Waterstone Financial Inc
WSC,WillScot Mobile Mini Holdings Corp
WSFS,WSFS Financial Corp.
WTBA,West Bancorporation
WTI,W & T Offshore Inc
WTRE,Watford Holdings Ltd
WTRH,Waitr Holdings Inc
WTS,"Watts Water Technologies, Inc."
WTTR,Select Energy Services Inc
WVE,Wave Life Sciences Ltd.
WW,WW International Inc
WWW,"Wolverine World Wide, Inc."
XBIT,XBiotech Inc
XENT,Intersect ENT Inc
XERS,Xeris Pharmaceuticals Inc
XFOR,X4 Pharmaceuticals Inc
XHR,Xenia Hotels & Resorts Inc
XNCR,Xencor Inc
XPER,Xperi Holding Corp
YELP,Yelp Inc
YETI,YETI Holdings Inc
YEXT,Yext Inc
YMAB,Y-Mabs Therapeutics Inc
YORW,York Water Co.
ZEUS,Olympic Steel Inc.
ZGNX,Zogenix Inc
ZIOP,"Ziopharm Oncology, Inc."
ZIXI,Zix Corp.
ZUMZ,Zumiez Inc
ZUO,Zuora Inc
ZYXI,Zynex Inc
